[
  {
    "title": "Campanha Promocional Curvador de Cílios",
    "category": "Social Media",
    "imageUrl": "/assets/portfolio/curvador-cilios.png",
    "description": "Arte promocional com modelagem 3D para produtos de beleza",
    "client": "Loja de Cosméticos",
    "order": 1
  },
  {
    "title": "Pax Center - Planos Funerários",
    "category": "Social Media",
    "imageUrl": "/assets/portfolio/pax-center.png",
    "description": "Campanha de aniversário com design profissional e emotivo",
    "client": "Grupo Pax Center",
    "order": 2
  },
  {
    "title": "Rota Firme - Mecânica e Auto Peças",
    "category": "Social Media",
    "imageUrl": "/assets/portfolio/rota-firme.png",
    "description": "Arte institucional destacando marcas de caminhões atendidas",
    "client": "Rota Firme Mecânica",
    "order": 3
  },
  {
    "title": "Actuall Manutenção de Caminhões",
    "category": "Social Media",
    "imageUrl": "/assets/portfolio/(16) 992416511 (Cartão de visita com cantos arredondados (8,9 x 5,1 cm))_1763775837095.png",
    "description": "Design corporativo para empresa de manutenção automotiva",
    "client": "Actuall Manutenção",
    "order": 4
  },
  {
    "title": "Cert Master TI - Logo e Identidade",
    "category": "Identidade Visual",
    "imageUrl": "/assets/portfolio/Logo Logotipo Azul Influencer Digital Curtidas (512 x 512 px)_1763775837095.png",
    "description": "Criação de logo profissional para empresa de tecnologia",
    "client": "Cert Master TI",
    "order": 5
  },
  {
    "title": "Feed Instagram Harmonizado",
    "category": "Social Media",
    "imageUrl": "https://images.unsplash.com/photo-1611926653458-09294b3142bf?w=800&h=800&fit=crop",
    "description": "Grid completo para Instagram com identidade visual",
    "client": "Beauty Studio",
    "order": 6
  },
  {
    "title": "Mascote 3D Personagem",
    "category": "3D",
    "imageUrl": "https://images.unsplash.com/photo-1633613286991-611fe299c4be?w=800&h=800&fit=crop",
    "description": "Modelagem 3D de mascote corporativo",
    "client": "Kids Club",
    "order": 7
  },
  {
    "title": "Produto 3D Render",
    "category": "3D",
    "imageUrl": "https://images.unsplash.com/photo-1618005182384-a83a8bd57fbe?w=800&h=800&fit=crop",
    "description": "Renderização 3D para catálogo de produtos",
    "client": "Design Store",
    "order": 8
  },
  {
    "title": "Landing Page Moderna",
    "category": "Web/App",
    "imageUrl": "https://images.unsplash.com/photo-1547658718-1cdaa0852790?w=800&h=800&fit=crop",
    "description": "Design de landing page responsiva e moderna",
    "client": "SaaS Company",
    "order": 9
  },
  {
    "title": "Interface App Mobile",
    "category": "Web/App",
    "imageUrl": "https://images.unsplash.com/photo-1512941937669-90a1b58e7e9c?w=800&h=800&fit=crop",
    "description": "UI/UX design para aplicativo mobile",
    "client": "Fitness App",
    "order": 10
  },
  {
    "title": "Cartão de Visita Premium",
    "category": "Identidade Visual",
    "imageUrl": "https://images.unsplash.com/photo-1589939705384-5185137a7f0f?w=800&h=800&fit=crop",
    "description": "Cartão de visita elegante e profissional",
    "client": "Advocacia Silva",
    "order": 11
  },
  {
    "title": "Banner Evento Corporativo",
    "category": "Social Media",
    "imageUrl": "https://images.unsplash.com/photo-1542744173-8e7e53415bb0?w=800&h=800&fit=crop",
    "description": "Arte para divulgação de evento empresarial",
    "client": "CongressTech 2025",
    "order": 12
  }
]
